Hari,Harga Bitcoin,Prediksi LSTM,Prediksi ARIMA,Selisih LSTM ($),Error LSTM (%),Selisih ARIMA ($),Error ARIMA (%)
1,30620.77,31679.64,30590.08,1058.87,3.46,30.69,0.1
2,31156.44,31725.32,30620.77,568.88,1.83,535.67,1.72
3,30777.58,32214.93,31156.44,1437.35,4.67,378.86,1.23
4,30514.17,31951.23,30777.58,1437.06,4.71,263.42,0.86
5,29909.34,31675.18,30514.17,1765.85,5.9,604.83,2.02
6,30342.27,31080.48,29909.34,738.21,2.43,432.93,1.43
7,30292.54,31366.74,30342.27,1074.2,3.55,49.72,0.16
8,30171.23,31367.24,30292.54,1196.01,3.96,121.31,0.4
9,30414.47,31268.83,30171.23,854.36,2.81,243.24,0.8
10,30620.95,31472.48,30414.47,851.53,2.78,206.48,0.67
11,30391.65,31692.29,30620.95,1300.64,4.28,229.3,0.75
12,31476.05,31526.7,30391.65,50.66,0.16,1084.4,3.45
13,30334.07,32476.56,31476.05,2142.49,7.06,1141.98,3.76
14,30295.81,31597.81,30334.07,1302.0,4.3,38.26,0.13
15,30249.13,31430.06,30295.81,1180.93,3.9,46.67,0.15
16,30145.89,31343.7,30249.13,1197.82,3.97,103.24,0.34
17,29856.56,31238.32,30145.89,1381.76,4.63,289.33,0.97
18,29913.92,30964.82,29856.56,1050.89,3.51,57.36,0.19
19,29792.02,30972.37,29913.92,1180.35,3.96,121.91,0.41
20,29908.74,30865.97,29792.02,957.22,3.2,116.73,0.39
21,29771.8,30957.09,29908.74,1185.29,3.98,136.94,0.46
22,30084.54,30852.9,29771.8,768.36,2.55,312.74,1.04
23,29176.92,31118.25,30084.54,1941.34,6.65,907.62,3.11
24,29227.39,30355.68,29176.92,1128.29,3.86,50.47,0.17
25,29354.97,30273.65,29227.39,918.68,3.13,127.58,0.43
26,29210.69,30365.96,29354.97,1155.27,3.95,144.28,0.49
27,29319.25,30260.42,29210.69,941.17,3.21,108.56,0.37
28,29356.92,30344.12,29319.25,987.2,3.36,37.67,0.13
29,29275.31,30394.01,29356.92,1118.7,3.82,81.61,0.28
30,29230.11,30333.72,29275.31,1103.6,3.78,45.2,0.15
31,29675.73,30284.43,29230.11,608.7,2.05,445.62,1.5
32,29151.96,30671.26,29675.73,1519.31,5.21,523.77,1.8
33,29178.68,30273.73,29151.96,1095.05,3.75,26.72,0.09
34,29074.09,30231.81,29178.68,1157.72,3.98,104.59,0.36
35,29042.13,30125.7,29074.09,1083.58,3.73,31.96,0.11
36,29041.86,30080.27,29042.13,1038.42,3.58,0.27,0.0
37,29180.58,30072.81,29041.86,892.23,3.06,138.72,0.48
38,29765.49,30196.07,29180.58,430.58,1.45,584.91,1.97
39,29561.49,30738.91,29765.49,1177.41,3.98,204.0,0.69
40,29429.59,30654.04,29561.49,1224.45,4.16,131.9,0.45
41,29397.71,30525.65,29429.59,1127.94,3.84,31.88,0.11
42,29415.96,30468.68,29397.71,1052.71,3.58,18.25,0.06
43,29282.91,30471.16,29415.96,1188.25,4.06,133.05,0.45
44,29408.44,30352.32,29282.91,943.88,3.21,125.53,0.43
45,29170.35,30443.12,29408.44,1272.78,4.36,238.1,0.82
46,28701.78,30246.78,29170.35,1545.01,5.38,468.57,1.63
47,26664.55,29799.69,28701.78,3135.14,11.76,2037.23,7.64
48,26049.56,27934.42,26664.55,1884.86,7.24,614.99,2.36
49,26096.21,27055.47,26049.56,959.26,3.68,46.65,0.18
50,26189.58,26922.93,26096.21,733.35,2.8,93.38,0.36
51,26124.14,26996.17,26189.58,872.03,3.34,65.44,0.25
52,26031.66,26977.66,26124.14,946.0,3.63,92.48,0.36
53,26431.64,26911.54,26031.66,479.9,1.82,399.98,1.51
54,26162.37,27252.33,26431.64,1089.95,4.17,269.27,1.03
55,26047.67,27097.19,26162.37,1049.53,4.03,114.71,0.44
56,26008.46,26973.56,26047.67,965.1,3.71,39.21,0.15
57,26089.69,26914.38,26008.46,824.69,3.16,81.23,0.31
58,26106.15,26973.14,26089.69,866.99,3.32,16.46,0.06
59,27727.39,27001.04,26106.15,726.35,2.62,1621.24,5.85
60,27297.27,28410.18,27727.39,1112.91,4.08,430.13,1.58
61,25931.47,28316.21,27297.27,2384.74,9.2,1365.79,5.27
62,25800.72,27122.7,25931.47,1321.97,5.12,130.75,0.51
63,25868.8,26759.56,25800.72,890.76,3.44,68.07,0.26
64,25969.57,26733.03,25868.8,763.46,2.94,100.77,0.39
65,25812.42,26819.21,25969.57,1006.79,3.9,157.15,0.61
66,25779.98,26709.36,25812.42,929.37,3.61,32.43,0.13
67,25753.24,26664.28,25779.98,911.04,3.54,26.75,0.1
68,26240.2,26634.4,25753.24,394.21,1.5,486.96,1.86
69,25905.65,27048.67,26240.2,1143.02,4.41,334.54,1.29
70,25895.68,26848.74,25905.65,953.06,3.68,9.98,0.04
71,25832.23,26802.17,25895.68,969.94,3.75,63.45,0.25
72,25162.65,26734.87,25832.23,1572.22,6.25,669.57,2.66
73,25833.34,26148.91,25162.65,315.56,1.22,670.69,2.6
74,26228.32,26600.13,25833.34,371.81,1.42,394.98,1.51
75,26539.67,27032.68,26228.32,493.01,1.86,311.35,1.17
76,26608.69,27396.96,26539.67,788.27,2.96,69.02,0.26
77,26568.28,27531.12,26608.69,962.84,3.62,40.41,0.15
78,26534.19,27519.75,26568.28,985.56,3.71,34.09,0.13
79,26754.28,27481.9,26534.19,727.62,2.72,220.09,0.82
80,27211.12,27658.81,26754.28,447.7,1.65,456.84,1.68
81,27132.01,28086.01,27211.12,954.0,3.52,79.11,0.29
82,26567.63,28099.67,27132.01,1532.03,5.77,564.38,2.12
83,26579.57,27611.72,26567.63,1032.15,3.88,11.94,0.04
84,26579.39,27520.06,26579.57,940.67,3.54,0.18,0.0
85,26256.83,27495.9,26579.39,1239.07,4.72,322.56,1.23
86,26298.48,27214.57,26256.83,916.09,3.48,41.65,0.16
87,26217.25,27196.41,26298.48,979.16,3.73,81.23,0.31
88,26352.72,27123.78,26217.25,771.07,2.93,135.47,0.51
89,27021.55,27229.8,26352.72,208.25,0.77,668.83,2.48
90,26911.72,27831.55,27021.55,919.83,3.42,109.83,0.41
91,26967.92,27859.38,26911.72,891.47,3.31,56.2,0.21
92,27983.75,27916.57,26967.92,67.18,0.24,1015.83,3.63
93,27530.79,28806.61,27983.75,1275.83,4.63,452.96,1.65
94,27429.98,28578.9,27530.79,1148.93,4.19,100.81,0.37
95,27799.39,28448.76,27429.98,649.36,2.34,369.42,1.33
96,27415.91,28734.28,27799.39,1318.36,4.81,383.48,1.4
97,27946.6,28448.12,27415.91,501.52,1.79,530.69,1.9
98,27968.84,28856.65,27946.6,887.81,3.17,22.24,0.08
99,27935.09,28947.6,27968.84,1012.51,3.62,33.75,0.12
100,27583.68,28937.27,27935.09,1353.59,4.91,351.41,1.27
101,27391.02,28624.38,27583.68,1233.36,4.5,192.66,0.7
102,26873.32,28393.98,27391.02,1520.66,5.66,517.7,1.93
103,26756.8,27896.46,26873.32,1139.66,4.26,116.52,0.44
104,26862.38,27700.48,26756.8,838.1,3.12,105.58,0.39
105,26861.71,27755.27,26862.38,893.57,3.33,0.67,0.0
106,27159.65,27772.07,26861.71,612.42,2.25,297.95,1.1
107,28519.47,28040.76,27159.65,478.7,1.68,1359.81,4.77
108,28415.75,29284.3,28519.47,868.55,3.06,103.72,0.37
109,28328.34,29433.49,28415.75,1105.15,3.9,87.41,0.31
110,28719.81,29390.29,28328.34,670.49,2.33,391.46,1.36
111,29682.95,29714.5,28719.81,31.55,0.11,963.14,3.24
112,29918.41,30615.6,29682.95,697.18,2.33,235.46,0.79
113,29993.9,30980.4,29918.41,986.5,3.29,75.48,0.25
114,33086.23,31109.34,29993.9,1976.89,5.97,3092.34,9.35
115,33901.53,33910.94,33086.23,9.42,0.03,815.29,2.4
116,34502.82,35087.34,33901.53,584.52,1.69,601.29,1.74
117,34156.65,35833.68,34502.82,1677.04,4.91,346.17,1.01
118,33909.8,35590.94,34156.65,1681.14,4.96,246.85,0.73
119,34089.57,35302.17,33909.8,1212.6,3.56,179.77,0.53
120,34538.48,35394.36,34089.57,855.88,2.48,448.91,1.3
121,34502.36,35799.63,34538.48,1297.27,3.76,36.12,0.1
122,34667.78,35809.6,34502.36,1141.82,3.29,165.42,0.48
123,35437.25,35961.84,34667.78,524.59,1.48,769.47,2.17
124,34938.24,36689.05,35437.25,1750.81,5.01,499.01,1.43
125,34732.32,36310.18,34938.24,1577.86,4.54,205.92,0.59
126,35082.2,36075.91,34732.32,993.71,2.83,349.87,1.0
127,35049.36,36356.29,35082.2,1306.93,3.73,32.84,0.09
128,35037.37,36354.68,35049.36,1317.3,3.76,11.98,0.03
129,35443.56,36347.76,35037.37,904.2,2.55,406.19,1.15
130,35655.28,36723.5,35443.56,1068.22,3.0,211.71,0.59
131,36693.12,36966.28,35655.28,273.15,0.74,1037.85,2.83
132,37313.97,37974.4,36693.12,660.43,1.77,620.84,1.66
133,37138.05,38676.57,37313.97,1538.52,4.14,175.92,0.47
134,37054.52,38597.98,37138.05,1543.46,4.17,83.53,0.23
135,36502.36,38506.46,37054.52,2004.1,5.49,552.16,1.51
136,35537.64,37956.18,36502.36,2418.54,6.81,964.71,2.71
137,37880.58,36976.04,35537.64,904.54,2.39,2342.94,6.19
138,36154.77,39059.63,37880.58,2904.86,8.03,1725.81,4.77
139,36596.68,37646.15,36154.77,1049.47,2.87,441.91,1.21
140,36585.7,37951.5,36596.68,1365.8,3.73,10.98,0.03
141,37386.55,37939.74,36585.7,553.2,1.48,800.84,2.14
142,37476.96,38705.89,37386.55,1228.93,3.28,90.41,0.24
143,35813.81,38875.49,37476.96,3061.68,8.55,1663.14,4.64
144,37432.34,37337.21,35813.81,95.13,0.25,1618.53,4.32
145,37289.62,38688.16,37432.34,1398.54,3.75,142.72,0.38
146,37720.28,38672.1,37289.62,951.82,2.52,430.66,1.14
147,37796.79,39112.73,37720.28,1315.93,3.48,76.51,0.2
148,37479.12,39224.32,37796.79,1745.2,4.66,317.67,0.85
149,37254.17,38937.29,37479.12,1683.13,4.52,224.95,0.6
150,37831.09,38688.3,37254.17,857.21,2.27,576.92,1.52
151,37858.49,39198.59,37831.09,1340.09,3.54,27.41,0.07
152,37712.75,39272.45,37858.49,1559.71,4.14,145.75,0.39
153,38688.75,39151.66,37712.75,462.91,1.2,976.0,2.52
154,39476.33,40065.42,38688.75,589.09,1.49,787.58,2.0
155,39978.39,40903.65,39476.33,925.26,2.31,502.06,1.26
156,41980.1,41479.0,39978.39,501.09,1.19,2001.71,4.77
157,44080.65,43469.08,41980.1,611.57,1.39,2100.55,4.77
158,43746.45,45669.81,44080.65,1923.36,4.4,334.2,0.76
159,43292.66,45506.63,43746.45,2213.97,5.11,453.78,1.05
160,44166.6,45062.1,43292.66,895.5,2.03,873.94,1.98
161,43725.98,45843.21,44166.6,2117.23,4.84,440.62,1.01
162,43779.7,45409.1,43725.98,1629.41,3.72,53.71,0.12
163,41243.83,45438.02,43779.7,4194.19,10.17,2535.87,6.15
164,41450.22,42921.13,41243.83,1470.91,3.55,206.39,0.5
165,42890.74,42956.5,41450.22,65.75,0.15,1440.52,3.36
166,43023.97,44310.23,42890.74,1286.25,2.99,133.23,0.31
167,41929.76,44555.59,43023.97,2625.83,6.26,1094.21,2.61
168,42240.12,43546.07,41929.76,1305.95,3.09,310.36,0.73
169,41364.66,43785.0,42240.12,2420.34,5.85,875.45,2.12
170,42623.54,42923.45,41364.66,299.91,0.7,1258.88,2.95
171,42270.53,44105.51,42623.54,1834.98,4.34,353.01,0.84
172,43652.25,43827.29,42270.53,175.04,0.4,1381.72,3.17
173,43869.15,45198.79,43652.25,1329.64,3.03,216.9,0.49
174,43997.9,45485.44,43869.15,1487.54,3.38,128.75,0.29
175,43739.54,45658.41,43997.9,1918.86,4.39,258.36,0.59
176,43016.12,45403.38,43739.54,2387.26,5.55,723.43,1.68
177,43613.14,44667.72,43016.12,1054.58,2.42,597.02,1.37
178,42520.4,45194.8,43613.14,2674.4,6.29,1092.74,2.57
179,43442.86,44131.62,42520.4,688.76,1.59,922.45,2.12
180,42627.86,44988.54,43442.86,2360.69,5.54,815.0,1.91
181,42099.4,44215.21,42627.86,2115.81,5.03,528.45,1.26
182,42156.9,43679.96,42099.4,1523.06,3.61,57.5,0.14
183,42265.19,43682.85,42156.9,1417.66,3.35,108.29,0.26
184,44167.33,43785.57,42265.19,381.77,0.86,1902.14,4.31
185,44957.97,45667.58,44167.33,709.61,1.58,790.64,1.76
186,42848.18,46569.18,44957.97,3721.0,8.68,2109.79,4.92
187,44179.92,44586.37,42848.18,406.45,0.92,1331.75,3.01
188,44162.69,45787.01,44179.92,1624.32,3.68,17.23,0.04
189,43989.2,45771.78,44162.69,1782.59,4.05,173.5,0.39
190,43943.1,45634.23,43989.2,1691.13,3.85,46.1,0.1
191,46970.5,45570.91,43943.1,1399.59,2.98,3027.41,6.45
192,46139.73,48555.84,46970.5,2416.11,5.24,830.77,1.8
193,46627.78,47853.23,46139.73,1225.45,2.63,488.05,1.05
194,46368.59,48383.9,46627.78,2015.32,4.35,259.19,0.56
195,42853.17,48090.93,46368.59,5237.76,12.22,3515.42,8.2
196,42842.38,44593.13,42853.17,1750.75,4.09,10.79,0.03
197,41796.27,44394.32,42842.38,2598.05,6.22,1046.11,2.5
198,42511.97,43277.61,41796.27,765.64,1.8,715.7,1.68
199,43154.95,43937.58,42511.97,782.63,1.81,642.98,1.49
200,42742.65,44612.54,43154.95,1869.88,4.37,412.29,0.96
201,41262.06,44296.82,42742.65,3034.77,7.35,1480.59,3.59
202,41618.41,42861.22,41262.06,1242.82,2.99,356.35,0.86
203,41665.59,43106.72,41618.41,1441.13,3.46,47.18,0.11
204,41545.79,43148.74,41665.59,1602.96,3.86,119.8,0.29
205,39507.37,43061.25,41545.79,3553.88,9.0,2038.42,5.16
206,39845.55,41094.09,39507.37,1248.54,3.13,338.18,0.85
207,40077.07,41268.81,39845.55,1191.74,2.97,231.52,0.58
208,39933.81,41477.55,40077.07,1543.74,3.87,143.27,0.36
209,41816.87,41387.15,39933.81,429.72,1.03,1883.06,4.5
210,42120.05,43219.41,41816.87,1099.36,2.61,303.18,0.72
211,42035.59,43665.38,42120.05,1629.79,3.88,84.46,0.2
212,43288.25,43659.49,42035.59,371.24,0.86,1252.65,2.89
213,42952.61,44874.9,43288.25,1922.29,4.48,335.64,0.78
214,42582.61,44608.69,42952.61,2026.08,4.76,370.0,0.87
215,43075.77,44244.0,42582.61,1168.23,2.71,493.17,1.14
216,43185.86,44676.04,43075.77,1490.18,3.45,110.09,0.25
217,42992.25,44790.54,43185.86,1798.29,4.18,193.61,0.45
218,42583.58,44611.7,42992.25,2028.12,4.76,408.67,0.96
219,42658.67,44194.02,42583.58,1535.36,3.6,75.09,0.18
220,43084.67,44230.75,42658.67,1146.08,2.66,426.0,0.99
221,44318.22,44639.0,43084.67,320.77,0.72,1233.55,2.78
222,45301.57,45880.0,44318.22,578.43,1.28,983.34,2.17
223,47147.2,46930.49,45301.57,216.71,0.46,1845.63,3.91
224,47771.28,48838.1,47147.2,1066.82,2.23,624.08,1.31
225,48293.92,49541.9,47771.28,1247.98,2.58,522.64,1.08
226,49958.22,50108.88,48293.92,150.66,0.3,1664.3,3.33
227,49742.44,51773.07,49958.22,2030.62,4.08,215.78,0.43
228,51826.7,51560.04,49742.44,266.66,0.51,2084.25,4.02
229,51938.55,53677.68,51826.7,1739.13,3.35,111.86,0.22
230,52160.2,53747.38,51938.55,1587.18,3.04,221.65,0.42
231,51663.0,54004.01,52160.2,2341.01,4.53,497.21,0.96
232,52122.55,53451.33,51663.0,1328.78,2.55,459.55,0.88
233,51779.14,53896.54,52122.55,2117.39,4.09,343.4,0.66
234,52284.88,53501.96,51779.14,1217.08,2.33,505.73,0.97
235,51839.18,54020.34,52284.88,2181.16,4.21,445.7,0.86
236,51304.97,53537.93,51839.18,2232.96,4.35,534.21,1.04
237,50731.95,53008.48,51304.97,2276.53,4.49,573.02,1.13
238,51571.1,52406.21,50731.95,835.11,1.62,839.15,1.63
239,51733.24,53244.54,51571.1,1511.3,2.92,162.14,0.31
240,54522.4,53399.0,51733.24,1123.41,2.06,2789.16,5.12
241,57085.37,56273.87,54522.4,811.5,1.42,2562.97,4.49
242,62504.79,58857.59,57085.37,3647.2,5.84,5419.42,8.67
243,61198.38,64425.14,62504.79,3226.75,5.27,1306.41,2.13
244,62440.63,62826.96,61198.38,386.33,0.62,1242.25,1.99
245,62029.85,64352.95,62440.63,2323.1,3.75,410.79,0.66
246,63167.37,63648.68,62029.85,481.31,0.76,1137.52,1.8
247,68330.41,64873.35,63167.37,3457.07,5.06,5163.04,7.56
248,63801.2,70021.25,68330.41,6220.05,9.75,4529.21,7.1
249,66106.8,64832.31,63801.2,1274.49,1.93,2305.61,3.49
250,66925.48,67882.87,66106.8,957.39,1.43,818.68,1.22
251,68300.09,68159.88,66925.48,140.22,0.21,1374.61,2.01
252,68498.88,69677.84,68300.09,1178.96,1.72,198.79,0.29
253,69019.79,69687.73,68498.88,667.94,0.97,520.91,0.75
254,72123.91,70254.99,69019.79,1868.92,2.59,3104.12,4.3
255,71481.29,73357.18,72123.91,1875.89,2.62,642.62,0.9
256,73083.5,72296.64,71481.29,786.86,1.08,1602.21,2.19
257,71396.59,74194.87,73083.5,2798.28,3.92,1686.91,2.36
258,69403.77,72081.25,71396.59,2677.48,3.86,1992.82,2.87
259,65315.12,70342.35,69403.77,5027.23,7.7,4088.66,6.26
260,68390.62,66149.06,65315.12,2241.57,3.28,3075.51,4.5
261,67548.59,69740.84,68390.62,2192.24,3.25,842.03,1.25
262,61912.77,68336.9,67548.59,6424.13,10.38,5635.82,9.1
263,67913.67,62825.84,61912.77,5087.83,7.49,6000.9,8.84
264,65491.39,69511.91,67913.67,4020.52,6.14,2422.28,3.7
265,63778.76,66190.85,65491.39,2412.09,3.78,1712.63,2.69
266,64062.2,65106.93,63778.76,1044.72,1.63,283.44,0.44
267,67234.17,65354.77,64062.2,1879.4,2.8,3171.97,4.72
268,69958.81,68609.56,67234.17,1349.26,1.93,2724.64,3.89
269,69987.84,71157.25,69958.81,1169.41,1.67,29.02,0.04
270,69455.34,71061.06,69987.84,1605.72,2.31,532.49,0.77
271,70744.95,70596.91,69455.34,148.04,0.21,1289.61,1.82
272,69892.83,71928.16,70744.95,2035.33,2.91,852.12,1.22
273,69645.3,70824.96,69892.83,1179.66,1.69,247.52,0.36
274,71333.65,70734.94,69645.3,598.71,0.84,1688.34,2.37
275,69702.15,72413.52,71333.65,2711.37,3.89,1631.5,2.34
276,65446.97,70495.27,69702.15,5048.3,7.71,4255.18,6.5
277,65980.81,66355.58,65446.97,374.77,0.57,533.84,0.81
278,68508.84,67260.63,65980.81,1248.21,1.82,2528.03,3.69
279,67837.64,69645.41,68508.84,1807.77,2.66,671.2,0.99
280,68896.11,68791.67,67837.64,104.44,0.15,1058.47,1.54
281,69362.55,70110.2,68896.11,747.65,1.08,466.45,0.67
282,71631.36,70406.52,69362.55,1224.84,1.71,2268.8,3.17
283,69139.02,72779.02,71631.36,3640.0,5.26,2492.34,3.6
284,70587.88,69902.73,69139.02,685.15,0.97,1448.87,2.05
285,70060.61,71842.07,70587.88,1781.46,2.54,527.27,0.75
286,67195.87,70902.36,70060.61,3706.49,5.52,2864.74,4.26
287,63821.47,68125.52,67195.87,4304.04,6.74,3374.39,5.29
288,65738.73,64858.01,63821.47,880.72,1.34,1917.25,2.92
289,63426.21,67067.16,65738.73,3640.95,5.74,2312.52,3.65
290,63811.86,64367.79,63426.21,555.93,0.87,385.65,0.6
291,61276.69,65165.2,63811.86,3888.51,6.35,2535.17,4.14
292,63512.75,62388.32,61276.69,1124.44,1.77,2236.06,3.52
293,63843.57,65003.23,63512.75,1159.66,1.82,330.82,0.52
294,64994.44,65076.75,63843.57,82.31,0.13,1150.87,1.77
295,64926.64,66418.3,64994.44,1491.66,2.3,67.8,0.1
296,66837.68,66242.12,64926.64,595.56,0.89,1911.04,2.86
297,66407.27,68290.41,66837.68,1883.14,2.84,430.41,0.65
298,64276.9,67627.93,66407.27,3351.03,5.21,2130.38,3.31
299,64481.71,65551.08,64276.9,1069.37,1.66,204.81,0.32
300,63755.32,65896.38,64481.71,2141.06,3.36,726.39,1.14
301,63419.14,65017.9,63755.32,1598.76,2.52,336.18,0.53
302,63113.23,64772.7,63419.14,1659.47,2.63,305.91,0.48
303,63841.12,64448.57,63113.23,607.45,0.95,727.89,1.14
304,60636.86,65237.14,63841.12,4600.28,7.59,3204.27,5.28
305,58254.01,61848.84,60636.86,3594.83,6.17,2382.84,4.09
306,59123.43,59669.78,58254.01,546.35,0.92,869.42,1.47
307,62889.84,60587.28,59123.43,2302.55,3.66,3766.4,5.99
308,63891.47,64398.81,62889.84,507.34,0.79,1001.64,1.57
309,64031.13,65274.84,63891.47,1243.71,1.94,139.66,0.22
310,63161.95,65523.96,64031.13,2362.01,3.74,869.18,1.38
311,62334.82,64608.28,63161.95,2273.47,3.65,827.13,1.33
312,61187.94,63804.41,62334.82,2616.46,4.28,1146.88,1.87
313,63049.96,62618.83,61187.94,431.13,0.68,1862.02,2.95
314,60792.78,64598.34,63049.96,3805.56,6.26,2257.18,3.71
315,60793.71,62073.43,60792.78,1279.72,2.11,0.93,0.0
316,61448.39,62344.74,60793.71,896.35,1.46,654.68,1.07
317,62901.45,62905.64,61448.39,4.19,0.01,1453.05,2.31
318,61552.79,64406.0,62901.45,2853.21,4.64,1348.66,2.19
319,66267.49,62933.71,61552.79,3333.79,5.03,4714.7,7.11
320,65231.58,67969.2,66267.49,2737.62,4.2,1035.91,1.59
321,67051.88,66404.48,65231.58,647.39,0.97,1820.29,2.71
322,66940.8,68637.77,67051.88,1696.96,2.54,111.07,0.17
323,66278.37,68184.43,66940.8,1906.06,2.88,662.44,1.0
324,71448.2,67607.89,66278.37,3840.31,5.37,5169.83,7.24
325,70136.53,72940.94,71448.2,2804.41,4.0,1311.66,1.87
326,69122.34,70921.37,70136.53,1799.03,2.6,1014.2,1.47
327,67929.56,70331.09,69122.34,2401.53,3.54,1192.77,1.76
328,68526.1,68996.71,67929.56,470.61,0.69,596.54,0.87
329,69265.95,69716.06,68526.1,450.11,0.65,739.84,1.07
330,68518.09,70334.11,69265.95,1816.02,2.65,747.85,1.09
331,69394.55,69521.36,68518.09,126.81,0.18,876.46,1.26
332,68296.22,70545.77,69394.55,2249.55,3.29,1098.34,1.61
333,67578.09,69243.09,68296.22,1664.99,2.46,718.12,1.06
334,68364.99,68692.39,67578.09,327.4,0.48,786.9,1.15
335,67491.41,69509.2,68364.99,2017.79,2.99,873.58,1.29
336,67706.94,68500.23,67491.41,793.29,1.17,215.52,0.32
337,67751.6,68882.39,67706.94,1130.79,1.67,44.66,0.07
338,68804.78,68848.33,67751.6,43.55,0.06,1053.18,1.53
339,70567.77,69974.02,68804.78,593.75,0.84,1762.98,2.5
340,71082.82,71676.83,70567.77,594.01,0.84,515.05,0.72
341,70757.16,72058.22,71082.82,1301.06,1.84,325.66,0.46
342,69342.59,71732.23,70757.16,2389.65,3.45,1414.58,2.04
343,69305.77,70287.93,69342.59,982.16,1.42,36.81,0.05
344,69647.99,70383.67,69305.77,735.68,1.06,342.22,0.49
345,69512.28,70652.06,69647.99,1139.77,1.64,135.71,0.2
346,67332.03,70489.56,69512.28,3157.53,4.69,2180.25,3.24
347,68241.19,68254.28,67332.03,13.09,0.02,909.16,1.33
348,66756.4,69444.79,68241.19,2688.39,4.03,1484.79,2.22
349,66011.09,67684.53,66756.4,1673.44,2.54,745.3,1.13
350,66191.0,67178.02,66011.09,987.02,1.49,179.91,0.27
351,66639.05,67356.18,66191.0,717.13,1.08,448.05,0.67
352,66490.3,67814.6,66639.05,1324.3,1.99,148.75,0.22
353,65140.75,67649.83,66490.3,2509.08,3.85,1349.55,2.07
354,64960.3,66300.69,65140.75,1340.39,2.06,180.45,0.28
355,64828.66,66244.41,64960.3,1415.76,2.18,131.64,0.2
356,64096.2,66070.57,64828.66,1974.37,3.08,732.46,1.14
357,64252.58,65347.43,64096.2,1094.86,1.7,156.38,0.24
358,63180.8,65584.12,64252.58,2403.33,3.8,1071.78,1.7
359,60277.41,64439.36,63180.8,4161.95,6.9,2903.38,4.82
360,61804.64,61547.43,60277.41,257.21,0.42,1527.23,2.47
361,60811.28,63309.74,61804.64,2498.46,4.11,993.36,1.63
362,61604.8,62084.16,60811.28,479.36,0.78,793.52,1.29
363,60320.14,63106.74,61604.8,2786.61,4.62,1284.66,2.13
364,60887.38,61681.69,60320.14,794.32,1.3,567.24,0.93
365,62678.29,62426.02,60887.38,252.27,0.4,1790.91,2.86
366,62851.98,64187.28,62678.29,1335.3,2.12,173.69,0.28
367,62029.02,64293.99,62851.98,2264.98,3.65,822.96,1.33
368,60173.92,63503.94,62029.02,3330.02,5.53,1855.09,3.08
369,56977.7,61624.41,60173.92,4646.71,8.16,3196.22,5.61
370,56662.38,58396.56,56977.7,1734.19,3.06,315.33,0.56
371,58303.54,58178.19,56662.38,125.35,0.21,1641.16,2.81
372,55849.11,59800.41,58303.54,3951.3,7.07,2454.43,4.39
373,56705.1,57251.98,55849.11,546.88,0.96,855.99,1.51
374,58009.23,58329.58,56705.1,320.36,0.55,1304.13,2.25
375,57742.5,59564.02,58009.23,1821.52,3.15,266.73,0.46
376,57344.91,59317.04,57742.5,1972.13,3.44,397.58,0.69
377,57899.46,58974.44,57344.91,1074.98,1.86,554.55,0.96
378,59231.95,59547.59,57899.46,315.63,0.53,1332.49,2.25
379,60787.79,60883.86,59231.95,96.07,0.16,1555.84,2.56
380,64870.15,62443.88,60787.79,2426.27,3.74,4082.36,6.29
381,65097.15,66598.84,64870.15,1501.69,2.31,227.0,0.35
382,64118.79,66555.96,65097.15,2437.17,3.8,978.36,1.53
383,63974.07,65666.04,64118.79,1691.97,2.64,144.73,0.23
384,66710.16,65509.15,63974.07,1201.0,1.8,2736.09,4.1
385,67163.65,68267.28,66710.16,1103.63,1.64,453.49,0.68
386,68154.52,68439.63,67163.65,285.11,0.42,990.88,1.45
387,67585.25,69535.28,68154.52,1950.03,2.89,569.27,0.84
388,65927.67,68780.7,67585.25,2853.03,4.33,1657.58,2.51
389,65372.13,67141.99,65927.67,1769.86,2.71,555.54,0.85
390,65777.23,66660.91,65372.13,883.68,1.34,405.09,0.62
391,67912.06,67047.34,65777.23,864.73,1.27,2134.84,3.14
392,67813.34,69213.48,67912.06,1400.14,2.06,98.73,0.15
393,68255.87,68913.9,67813.34,658.03,0.96,442.53,0.65
394,66819.91,69496.07,68255.87,2676.16,4.01,1435.95,2.15
395,66201.02,67903.41,66819.91,1702.4,2.57,618.9,0.93
396,64619.25,67440.39,66201.02,2821.14,4.37,1581.77,2.45
397,65357.5,65762.44,64619.25,404.94,0.62,738.25,1.13
398,61415.07,66682.47,65357.5,5267.4,8.58,3942.43,6.42
399,60680.09,62441.82,61415.07,1761.72,2.9,734.97,1.21
400,58116.98,62093.04,60680.09,3976.06,6.84,2563.12,4.41
401,53991.46,59323.98,58116.98,5332.53,9.88,4125.52,7.64
402,56034.32,55273.63,53991.46,760.68,1.36,2042.86,3.65
403,55027.46,57490.98,56034.32,2463.52,4.48,1006.86,1.83
404,61710.14,56339.96,55027.46,5370.18,8.7,6682.68,10.83
405,60880.11,63403.12,61710.14,2523.01,4.14,830.02,1.36
406,60945.81,62227.94,60880.11,1282.13,2.1,65.7,0.11
407,58719.48,62673.42,60945.81,3953.93,6.73,2226.33,3.79
408,59354.52,60249.75,58719.48,895.23,1.51,635.03,1.07
409,60609.57,61036.81,59354.52,427.25,0.7,1255.05,2.07
410,58737.27,62185.32,60609.57,3448.05,5.87,1872.3,3.19
411,57560.1,60222.46,58737.27,2662.36,4.63,1177.17,2.05
412,58894.11,59152.32,57560.1,258.21,0.44,1334.01,2.27
413,59478.97,60500.62,58894.11,1021.65,1.72,584.87,0.98
414,58483.96,61015.95,59478.97,2531.99,4.33,995.01,1.7
415,59493.45,60030.01,58483.96,536.55,0.9,1009.49,1.7
416,59012.79,61139.1,59493.45,2126.31,3.6,480.66,0.81
417,61175.19,60544.92,59012.79,630.27,1.03,2162.4,3.53
418,60381.91,62854.96,61175.19,2473.04,4.1,793.28,1.31
419,64094.36,61867.9,60381.91,2226.46,3.47,3712.44,5.79
420,64178.99,65846.12,64094.36,1667.13,2.6,84.64,0.13
421,64333.54,65577.74,64178.99,1244.2,1.93,154.55,0.24
422,62880.66,65901.66,64333.54,3021.0,4.8,1452.88,2.31
423,59504.13,64296.4,62880.66,4792.27,8.05,3376.53,5.67
424,59027.62,60892.1,59504.13,1864.47,3.16,476.51,0.81
425,59388.18,60546.49,59027.62,1158.31,1.95,360.55,0.61
426,59119.48,60825.38,59388.18,1705.91,2.89,268.7,0.45
427,58969.9,60562.66,59119.48,1592.76,2.7,149.58,0.25
428,57325.49,60467.07,58969.9,3141.59,5.48,1644.41,2.87
429,59112.48,58788.4,57325.49,324.09,0.55,1786.99,3.02
430,57431.02,60730.79,59112.48,3299.77,5.75,1681.46,2.93
431,57971.54,58864.81,57431.02,893.27,1.54,540.52,0.93
432,56160.49,59609.8,57971.54,3449.31,6.14,1811.05,3.22
433,53948.75,57650.48,56160.49,3701.72,6.86,2211.73,4.1
434,54139.69,55503.91,53948.75,1364.23,2.52,190.93,0.35
435,54841.57,55708.41,54139.69,866.84,1.58,701.88,1.28
436,57019.54,56389.21,54841.57,630.33,1.11,2177.97,3.82
437,57648.71,58658.25,57019.54,1009.54,1.75,629.18,1.09
438,57343.17,59285.23,57648.71,1942.06,3.39,305.54,0.53
439,58127.01,59034.37,57343.17,907.36,1.56,783.84,1.35
440,60571.3,59851.76,58127.01,719.54,1.19,2444.29,4.04
441,60005.12,62302.71,60571.3,2297.59,3.83,566.18,0.94
442,59182.84,61601.56,60005.12,2418.72,4.09,822.29,1.39
443,58192.51,60856.4,59182.84,2663.89,4.58,990.33,1.7
444,60308.54,59804.09,58192.51,504.45,0.84,2116.03,3.51
445,61649.68,61995.87,60308.54,346.19,0.56,1341.14,2.18
446,62940.46,63213.38,61649.68,272.92,0.43,1290.78,2.05
447,63192.98,64551.86,62940.46,1358.88,2.15,252.52,0.4
448,63394.84,64734.27,63192.98,1339.43,2.11,201.86,0.32
449,63648.71,64945.07,63394.84,1296.36,2.04,253.87,0.4
450,63329.8,65157.19,63648.71,1827.39,2.89,318.91,0.5
451,64301.97,64784.94,63329.8,482.97,0.75,972.17,1.51
452,63143.14,65805.88,64301.97,2662.73,4.22,1158.82,1.84
453,65181.02,64480.83,63143.14,700.19,1.07,2037.88,3.13
454,65790.66,66732.82,65181.02,942.16,1.43,609.64,0.93
455,65887.65,67098.54,65790.66,1210.89,1.84,96.98,0.15
456,65635.3,67254.34,65887.65,1619.03,2.47,252.34,0.38
457,63329.5,66962.89,65635.3,3633.39,5.74,2305.8,3.64
458,60837.01,64574.02,63329.5,3737.01,6.14,2492.49,4.1
459,60632.79,62161.32,60837.01,1528.54,2.52,204.22,0.34
460,60759.4,62039.15,60632.79,1279.75,2.11,126.62,0.21
461,62067.48,62120.56,60759.4,53.08,0.09,1308.07,2.11
462,62089.95,63514.68,62067.48,1424.73,2.29,22.47,0.04
463,62818.95,63481.92,62089.95,662.97,1.06,729.0,1.16
464,62236.66,64316.03,62818.95,2079.37,3.34,582.29,0.94
465,62131.97,63652.07,62236.66,1520.1,2.45,104.69,0.17
466,60582.1,63626.03,62131.97,3043.93,5.02,1549.87,2.56
467,60274.5,61988.47,60582.1,1713.97,2.84,307.6,0.51
468,62445.09,61783.19,60274.5,661.9,1.06,2170.59,3.48
469,63193.02,63986.46,62445.09,793.43,1.26,747.93,1.18
470,62851.38,64622.49,63193.02,1771.12,2.82,341.65,0.54
471,66046.12,64318.31,62851.38,1727.82,2.62,3194.75,4.84
472,67041.11,67651.4,66046.12,610.29,0.91,994.98,1.48
473,67612.72,68359.58,67041.11,746.86,1.1,571.61,0.85
474,67399.84,69001.44,67612.72,1601.6,2.38,212.88,0.32
475,68418.79,68688.26,67399.84,269.47,0.39,1018.95,1.49
476,68362.73,69755.47,68418.79,1392.74,2.04,56.05,0.08
477,69001.7,69524.52,68362.73,522.81,0.76,638.97,0.93
478,67367.85,70227.71,69001.7,2859.86,4.25,1633.85,2.43
479,67361.41,68404.04,67367.85,1042.63,1.55,6.45,0.01
480,66432.2,68606.58,67361.41,2174.38,3.27,929.21,1.4
481,68161.05,67521.62,66432.2,639.43,0.94,1728.86,2.54
482,66642.41,69445.83,68161.05,2803.42,4.21,1518.64,2.28
483,67014.7,67622.28,66642.41,607.58,0.91,372.28,0.56
484,67929.3,68296.74,67014.7,367.44,0.54,914.6,1.35
485,69907.76,69093.44,67929.3,814.31,1.16,1978.46,2.83
486,72720.49,71100.04,69907.76,1620.45,2.23,2812.73,3.87
487,72339.54,73806.47,72720.49,1466.93,2.03,380.95,0.53
488,70215.19,73145.55,72339.54,2930.36,4.17,2124.35,3.03
489,69482.47,71112.48,70215.19,1630.02,2.35,732.72,1.05
490,69289.27,70522.47,69482.47,1233.2,1.78,193.2,0.28
491,68741.12,70275.25,69289.27,1534.13,2.23,548.16,0.8
492,67811.51,69710.94,68741.12,1899.44,2.8,929.61,1.37
493,69359.56,68807.23,67811.51,552.33,0.8,1548.05,2.23
494,75639.08,70503.62,69359.56,5135.46,6.79,6279.52,8.3
495,75904.86,76745.66,75639.08,840.8,1.11,265.78,0.35
496,76545.48,76279.62,75904.86,265.85,0.35,640.62,0.84
497,76778.87,77288.63,76545.48,509.76,0.66,233.39,0.3
498,80474.19,77264.86,76778.87,3209.33,3.99,3695.32,4.59
499,88701.48,81033.64,80474.19,7667.84,8.64,8227.3,9.28
500,87955.81,88579.91,88701.48,624.1,0.71,745.67,0.85
501,90584.16,86505.3,87955.81,4078.86,4.5,2628.35,2.9
502,87250.43,89900.34,90584.16,2649.91,3.04,3333.73,3.82
503,91066.01,85521.97,87250.43,5544.04,6.09,3815.58,4.19
504,90558.48,90405.25,91066.01,153.23,0.17,507.53,0.56
505,89845.85,88453.16,90558.48,1392.69,1.55,712.62,0.79
506,90542.64,88447.98,89845.85,2094.66,2.31,696.79,0.77
507,92343.79,88955.59,90542.64,3388.2,3.67,1801.15,1.95
508,94339.49,90596.15,92343.79,3743.34,3.97,1995.7,2.12
509,98504.73,92188.29,94339.49,6316.44,6.41,4165.23,4.23
510,98997.66,95934.8,98504.73,3062.86,3.09,492.94,0.5
511,97777.28,95519.9,98997.66,2257.38,2.31,1220.38,1.25
512,98013.82,94631.27,97777.28,3382.55,3.45,236.54,0.24
513,93102.3,94987.83,98013.82,1885.53,2.03,4911.52,5.28
514,91985.32,89890.67,93102.3,2094.65,2.28,1116.98,1.21
515,95962.53,90073.27,91985.32,5889.27,6.14,3977.21,4.14
516,95652.47,93640.06,95962.53,2012.41,2.1,310.06,0.32
517,97461.52,92498.84,95652.47,4962.69,5.09,1809.05,1.86
518,96449.05,94813.89,97461.52,1635.16,1.7,1012.47,1.05
519,97279.79,93143.84,96449.05,4135.95,4.25,830.73,0.85
520,95865.3,94537.02,97279.79,1328.28,1.39,1414.48,1.48
521,96002.16,92654.16,95865.3,3348.0,3.49,136.86,0.14
522,98768.53,93360.33,96002.16,5408.2,5.48,2766.37,2.8
523,96593.57,95746.59,98768.53,846.98,0.88,2174.96,2.25
524,99920.71,93040.49,96593.57,6880.22,6.89,3327.14,3.33
525,99923.34,97129.4,99920.71,2793.94,2.8,2.62,0.0
526,101236.02,95859.38,99923.34,5376.64,5.31,1312.68,1.3
527,97432.72,97745.09,101236.02,312.37,0.32,3803.3,3.9
528,96675.43,93384.81,97432.72,3290.62,3.4,757.29,0.78
529,101173.03,93932.27,96675.43,7240.76,7.16,4497.6,4.45
530,100043.0,97846.87,101173.03,2196.13,2.2,1130.03,1.13
531,101459.26,95754.53,100043.0,5704.73,5.62,1416.26,1.4
532,101372.97,97968.62,101459.26,3404.35,3.36,86.29,0.09
533,104298.7,97111.35,101372.97,7187.35,6.89,2925.73,2.81
534,106029.72,100283.88,104298.7,5745.84,5.42,1731.02,1.63
535,106140.6,100945.96,106029.72,5194.64,4.89,110.88,0.1
536,100041.54,101061.67,106140.6,1020.13,1.02,6099.06,6.1
537,97490.95,95118.63,100041.54,2372.32,2.43,2550.59,2.62
538,97755.93,94300.48,97490.95,3455.45,3.53,264.98,0.27
539,97224.73,94366.56,97755.93,2858.17,2.94,531.2,0.55
540,95104.94,93813.61,97224.73,1291.33,1.36,2119.79,2.23
541,94686.24,91917.93,95104.94,2768.31,2.92,418.7,0.44
542,98676.09,92003.96,94686.24,6672.13,6.76,3989.85,4.04
543,99299.2,95811.64,98676.09,3487.56,3.51,623.1,0.63
544,95795.52,95498.42,99299.2,297.1,0.31,3503.68,3.66
545,94164.86,92431.96,95795.52,1732.9,1.84,1630.66,1.73
546,95163.93,91587.68,94164.86,3576.25,3.76,999.07,1.05
547,93530.23,92590.66,95163.93,939.57,1.0,1633.7,1.75
548,92643.21,90693.11,93530.23,1950.1,2.1,887.02,0.96
